Found password: FT2702,,
Found password: SC5504,,
Found password: AV7201,,
Found password: IR7503,,
Time elapsed was 279528653ns or 0.279528653s,,0.279528653
Found password: FT2702,,
Found password: SC5504,,
Found password: AV7201,,
Found password: IR7503,,
Time elapsed was 91426023ns or 0.091426023s,,0.091426023
Found password: FT2702,,
Found password: SC5504,,
Found password: AV7201,,
Found password: IR7503,,
Time elapsed was 91348977ns or 0.091348977s,,0.091348977
Found password: FT2702,,
Found password: SC5504,,
Found password: AV7201,,
Found password: IR7503,,
Time elapsed was 91224552ns or 0.091224552s,,0.091224552
Found password: FT2702,,
Found password: SC5504,,
Found password: IR7503,,
Found password: AV7201,,
Time elapsed was 91328840ns or 0.091328840s,,0.09132884
Found password: FT2702,,
Found password: SC5504,,
Found password: AV7201,,
Found password: IR7503,,
Time elapsed was 91320342ns or 0.091320342s,,0.091320342
Found password: FT2702,,
Found password: SC5504,,
Found password: AV7201,,
Found password: IR7503,,
Time elapsed was 90701884ns or 0.090701884s,,0.090701884
Found password: FT2702,,
Found password: SC5504,,
Found password: AV7201,,
Found password: IR7503,,
Time elapsed was 91612380ns or 0.091612380s,,0.09161238
Found password: FT2702,,
Found password: SC5504,,
Found password: AV7201,,
Found password: IR7503,,
Time elapsed was 91291153ns or 0.091291153s,,0.091291153
Found password: FT2702,,
Found password: SC5504,,
Found password: AV7201,,
Found password: IR7503,,
Time elapsed was 90852248ns or 0.090852248s,,0.090852248
,,
,,
,,0.1100635052
